ano,rubrica,valor_rs_milhares,arquivo_fonte,pagina_fonte,localizador_fonte,tratamento
2020,Caixa e equivalentes,25735856,Demonstracao_Financeira_FGTS_2021.docx,,BP Controladora; tabelas 1 e 2,publicado
2020,TVM circulante,8835744,Demonstracao_Financeira_FGTS_2021.docx,,BP Controladora; tabelas 1 e 2,publicado
2020,TVM não circulante,96195932,Demonstracao_Financeira_FGTS_2021.docx,,BP Controladora; tabelas 1 e 2,publicado
2020,Financiamentos circulantes,45084460,Demonstracao_Financeira_FGTS_2021.docx,,BP Controladora; tabelas 1 e 2,publicado
2020,Financiamentos não circulantes,352235494,Demonstracao_Financeira_FGTS_2021.docx,,BP Controladora; tabelas 1 e 2,publicado
2020,Outros empréstimos e recebíveis,9093925,Demonstracao_Financeira_FGTS_2021.docx,,BP Controladora; tabelas 1 e 2,publicado
2020,Demais ativos,28512654,Demonstracao_Financeira_FGTS_2021.docx,,BP Controladora; tabelas 1 e 2,residual do ativo
2020,Ativo total,565694065,Demonstracao_Financeira_FGTS_2021.docx,,BP Controladora; tabelas 1 e 2,publicado
2020,Passivo total,452560025,Demonstracao_Financeira_FGTS_2021.docx,,BP Controladora; tabelas 1 e 2,publicado
2020,Patrimônio líquido,113134040,Demonstracao_Financeira_FGTS_2021.docx,,BP Controladora; tabelas 1 e 2,publicado
2020,Depósitos vinculados,450871389,Demonstracao_Financeira_FGTS_2021.docx,,BP Controladora; tabelas 1 e 2,publicado
2021,Caixa e equivalentes,29137964,Demonstracao_Financeira_FGTS_2023-v6.pdf,1,BP Controladora,reapresentado
2021,TVM circulante,22835792,Demonstracao_Financeira_FGTS_2023-v6.pdf,1,BP Controladora,reapresentado
2021,TVM não circulante,121468869,Demonstracao_Financeira_FGTS_2023-v6.pdf,1,BP Controladora,reapresentado
2021,Financiamentos circulantes,43098124,Demonstracao_Financeira_FGTS_2023-v6.pdf,1,BP Controladora,reapresentado
2021,Financiamentos não circulantes,365751372,Demonstracao_Financeira_FGTS_2023-v6.pdf,1,BP Controladora,reapresentado
2021,Outros empréstimos e recebíveis,8633990,Demonstracao_Financeira_FGTS_2023-v6.pdf,1,BP Controladora,reapresentado
2021,Demais ativos,22557653,Demonstracao_Financeira_FGTS_2023-v6.pdf,1,BP Controladora,residual do ativo
2021,Ativo total,613483764,Demonstracao_Financeira_FGTS_2023-v6.pdf,1,BP Controladora,reapresentado
2021,Passivo total,496412193,Demonstracao_Financeira_FGTS_2023-v6.pdf,1,BP Controladora,reapresentado
2021,Patrimônio líquido,117071571,Demonstracao_Financeira_FGTS_2023-v6.pdf,2,BP Controladora,reapresentado
2021,Depósitos vinculados,493534632,Demonstracao_Financeira_FGTS_2023-v6.pdf,1,BP Controladora,reapresentado
2022,Caixa e equivalentes,25508325,Demonstracao_Financeira_FGTS_2023-v6.pdf,1,BP Controladora,reapresentado
2022,TVM circulante,26792372,Demonstracao_Financeira_FGTS_2023-v6.pdf,1,BP Controladora,reapresentado
2022,TVM não circulante,128364724,Demonstracao_Financeira_FGTS_2023-v6.pdf,1,BP Controladora,reapresentado
2022,Financiamentos circulantes,42396864,Demonstracao_Financeira_FGTS_2023-v6.pdf,1,BP Controladora,reapresentado
2022,Financiamentos não circulantes,392621401,Demonstracao_Financeira_FGTS_2023-v6.pdf,1,BP Controladora,reapresentado
2022,Outros empréstimos e recebíveis,8345357,Demonstracao_Financeira_FGTS_2023-v6.pdf,1,BP Controladora,reapresentado
2022,Demais ativos,24926098,Demonstracao_Financeira_FGTS_2023-v6.pdf,1,BP Controladora,residual do ativo
2022,Ativo total,648955141,Demonstracao_Financeira_FGTS_2023-v6.pdf,1,BP Controladora,reapresentado
2022,Passivo total,533781046,Demonstracao_Financeira_FGTS_2023-v6.pdf,1,BP Controladora,reapresentado
2022,Patrimônio líquido,115174095,Demonstracao_Financeira_FGTS_2023-v6.pdf,2,BP Controladora,reapresentado
2022,Depósitos vinculados,530139744,Demonstracao_Financeira_FGTS_2023-v6.pdf,1,BP Controladora,reapresentado
2023,Caixa e equivalentes,28386508,Demonstracao_Financeira_FGTS_2023-v6.pdf,1,BP Controladora,publicado
2023,TVM circulante,26139151,Demonstracao_Financeira_FGTS_2023-v6.pdf,1,BP Controladora,publicado
2023,TVM não circulante,123821774,Demonstracao_Financeira_FGTS_2023-v6.pdf,1,BP Controladora,publicado
2023,Financiamentos circulantes,48722933,Demonstracao_Financeira_FGTS_2023-v6.pdf,1,BP Controladora,publicado
2023,Financiamentos não circulantes,439827567,Demonstracao_Financeira_FGTS_2023-v6.pdf,1,BP Controladora,publicado
2023,Outros empréstimos e recebíveis,8544761,Demonstracao_Financeira_FGTS_2023-v6.pdf,1,BP Controladora,publicado
2023,Demais ativos,28885332,Demonstracao_Financeira_FGTS_2023-v6.pdf,1,BP Controladora,residual do ativo
2023,Ativo total,704328026,Demonstracao_Financeira_FGTS_2023-v6.pdf,1,BP Controladora,publicado
2023,Passivo total,578491844,Demonstracao_Financeira_FGTS_2023-v6.pdf,1,BP Controladora,publicado
2023,Patrimônio líquido,125836182,Demonstracao_Financeira_FGTS_2023-v6.pdf,2,BP Controladora,publicado
2023,Depósitos vinculados,576189085,Demonstracao_Financeira_FGTS_2023-v6.pdf,1,BP Controladora,publicado
2024,Caixa e equivalentes,36354059,Demonstracao_Financeira_FGTS_2025.pdf,1,BP Controladora,publicado
2024,TVM circulante,25649839,Demonstracao_Financeira_FGTS_2025.pdf,1,BP Controladora,publicado
2024,TVM não circulante,120670985,Demonstracao_Financeira_FGTS_2025.pdf,1,BP Controladora,publicado
2024,Financiamentos circulantes,49444417,Demonstracao_Financeira_FGTS_2025.pdf,1,BP Controladora,publicado
2024,Financiamentos não circulantes,502762338,Demonstracao_Financeira_FGTS_2025.pdf,1,BP Controladora,publicado
2024,Outros empréstimos e recebíveis,8592449,Demonstracao_Financeira_FGTS_2025.pdf,1,BP Controladora,publicado
2024,Demais ativos,27006538,Demonstracao_Financeira_FGTS_2025.pdf,1,BP Controladora,residual do ativo
2024,Ativo total,770480625,Demonstracao_Financeira_FGTS_2025.pdf,1,BP Controladora,publicado
2024,Passivo total,651736378,Demonstracao_Financeira_FGTS_2025.pdf,1,BP Controladora,publicado
2024,Patrimônio líquido,118744247,Demonstracao_Financeira_FGTS_2025.pdf,1,BP Controladora,publicado
2024,Depósitos vinculados,643823574,Demonstracao_Financeira_FGTS_2025.pdf,1,BP Controladora,publicado
2025,Caixa e equivalentes,33466156,Demonstracao_Financeira_FGTS_2025.pdf,1,BP Controladora,publicado
2025,TVM circulante,21594006,Demonstracao_Financeira_FGTS_2025.pdf,1,BP Controladora,publicado
2025,TVM não circulante,124452347,Demonstracao_Financeira_FGTS_2025.pdf,1,BP Controladora,publicado
2025,Financiamentos circulantes,56686126,Demonstracao_Financeira_FGTS_2025.pdf,1,BP Controladora,publicado
2025,Financiamentos não circulantes,568598317,Demonstracao_Financeira_FGTS_2025.pdf,1,BP Controladora,publicado
2025,Outros empréstimos e recebíveis,4603220,Demonstracao_Financeira_FGTS_2025.pdf,1,BP Controladora,publicado
2025,Demais ativos,28343048,Demonstracao_Financeira_FGTS_2025.pdf,1,BP Controladora,residual do ativo
2025,Ativo total,837743220,Demonstracao_Financeira_FGTS_2025.pdf,1,BP Controladora,publicado
2025,Passivo total,711766538,Demonstracao_Financeira_FGTS_2025.pdf,1,BP Controladora,publicado
2025,Patrimônio líquido,125976682,Demonstracao_Financeira_FGTS_2025.pdf,1,BP Controladora,publicado
2025,Depósitos vinculados,709097614,Demonstracao_Financeira_FGTS_2025.pdf,1,BP Controladora,publicado
